{
  "train_loss": [
    0.012429289958965016,
    0.009646835889208233,
    0.00866021450167032,
    0.007939941876278793,
    0.007380825780791129
  ],
  "val_loss": [
    0.2890862695714261,
    0.22862355506166498,
    0.20646421230853873,
    0.19802354181066473,
    0.19440068336243324
  ],
  "val_f1": [
    0.9351174144497617,
    0.9410740374917023,
    0.9477162395160947,
    0.9495368103460051,
    0.9526393648957306
  ],
  "val_f1_class_0": [
    0.9777253387679217,
    0.9785770581070431,
    0.9792572887083438,
    0.9797503866489228,
    0.9799891833423472
  ],
  "val_f1_class_1": [
    0.0,
    0.11799410029498525,
    0.25548387096774194,
    0.2864385297845374,
    0.352392065344224
  ]
}